{
    "rmse": 0.6894008152401733,
    "mae": 0.553684555019958,
    "r2": 0.23107347669662603
}